id,platform,product,title,body,rating,author
g2-001,g2,CircleCI,"Made our CI/CD pipeline boring (in a good way)","We moved from a homegrown Jenkins setup to CircleCI and the difference in reliability has been night and day. Pipelines are easier to reason about, config-as-code is clean, and my team spends far less time babysitting builds.",5,Senior DevOps Engineer
g2-002,g2,CircleCI,"Good for standard workflows, rough edges at scale","CircleCI is great when your workflows are relatively straightforward, but once you start doing fan-out/fan-in builds and heavy caching it gets harder to debug. The UI can feel cluttered and error messages are sometimes vague.",4,Engineering Manager
g2-003,g2,CircleCI,"Pricing jumped faster than our usage","We love the developer experience but the pricing became a real pain once our org grew. Parallelism and extra containers add up quickly, and finance started asking questions every quarter.",3,Staff Engineer
g2-004,g2,CircleCI,"Debugging flaky jobs is still painful","CircleCI abstracts away a lot, which is great until a job becomes flaky. Logs are split across multiple views and it can take too many clicks to figure out why a job failed only in one branch.",3,Site Reliability Engineer
g2-005,g2,CircleCI,"Great docs and examples","The documentation is surprisingly good. The examples for Docker builds, matrix jobs, and caching saved us a ton of time when migrating off GitLab CI.",5,Backend Developer
g2-006,g2,CircleCI,"Not ideal for monorepos","We have a large monorepo and getting efficient, targeted builds set up was trickier than expected. It works, but the configuration is more verbose and harder to keep DRY.",3,Tech Lead
g2-007,g2,Datadog,"Best-in-class dashboards, but noisy alerts","Datadog is powerful and the dashboards make demos to leadership very easy. However, if you don’t invest heavily in tuning alert rules, you’ll drown in noisy incidents and alert fatigue is real.",4,Platform Engineer
g2-008,g2,Datadog,"Great integrations, expensive at scale","Integrations with AWS, k8s, and serverless are almost plug-and-play. The downside is that as soon as you send high-cardinality metrics, the bill starts to look scary.",4,Head of SRE
g2-009,g2,Datadog,"Auto-discovery saved us days of work","The auto-discovery of services and dashboards was a game changer. We had visibility into services we’d basically ignored before, and finding slow endpoints is much easier now.",5,Full Stack Engineer
g2-010,g2,Datadog,"UI feels heavy on large environments","On big environments with hundreds of services, the UI can feel sluggish. Searching for specific logs is fast, but navigating the APM view with many services is less smooth.",3,Observability Engineer
g2-011,g2,LaunchDarkly,"Feature flags let us ship on Fridays again","Once we standardized on LaunchDarkly, our release anxiety dropped significantly. We can ship behind flags, run controlled rollouts, and quickly disable problematic features without redeploying.",5,Product Engineer
g2-012,g2,LaunchDarkly,"SDKs are solid but config can be confusing","The SDKs for Node and Go have been reliable. The main confusion comes from managing multiple environments and projects; it’s easy to flip the wrong flag if your naming conventions aren’t strict.",4,Senior Backend Engineer
g2-013,g2,LaunchDarkly,"Overkill for small teams","The product is great, but if you’re a small startup the price and complexity may not be worth it. A simple in-house flag system might be enough until you grow.",3,Startup Founder
capp-001,capterra,Grafana Cloud,"Beautiful dashboards with some learning curve","Grafana Cloud made it very easy to centralize metrics and logs, and the dashboards look great. It did take some time for newer engineers to get comfortable with PromQL-style queries.",4,DevOps Engineer
capp-002,capterra,Grafana Cloud,"Good default dashboards for Kubernetes","The out-of-the-box k8s dashboards are super helpful. We got visibility into pod restarts, node pressure, and API server latency without writing custom panels from scratch.",5,Platform Lead
capp-003,capterra,Grafana Cloud,"Alerting UI could be more intuitive","Once alerts are configured they work well, but the new unified alerting UI is still confusing. It’s not always obvious which rules are active or how they map to notification policies.",3,On-call Engineer
capp-004,capterra,Sentry,"Saved us during a major release","Sentry caught a flood of errors right after a big release and the issue grouping helped us triage root causes quickly. The stack traces and breadcrumbs were clear enough that junior devs could jump in and fix bugs.",5,Engineering Manager
capp-005,capterra,Sentry,"Too many minor errors get reported","Sentry is almost too good at capturing every little thing. Without careful filtering, you end up with a long tail of low-priority issues that clutter the dashboard.",4,Frontend Engineer
capp-006,capterra,Sentry,"Performance monitoring is decent but not perfect","The performance view is useful but still trails specialized APM tools for deep backend traces. It’s great for frontend and basic API latency though.",4,Full Stack Developer
rdt-001,reddit,GitHub Actions,"Works great for simple repos","For small services and libraries, GitHub Actions is nearly perfect. Having workflows live next to code is convenient and the marketplace actions cover most common tasks.",5,Indie Hacker
rdt-002,reddit,GitHub Actions,"Can become spaghetti on complex pipelines","Once you have many jobs, matrix builds, and conditional steps, YAML reuse becomes tricky. We’ve had to refactor workflows multiple times to keep them understandable.",3,Open Source Maintainer
rdt-003,reddit,GitHub Actions,"Self-hosted runners are powerful but fiddly","We use self-hosted runners for GPU jobs and they work, but you really need good automation around provisioning and draining them. When a runner gets misconfigured, debugging is painful.",4,ML Engineer
rdt-004,reddit,GitHub Actions,"Great community examples","The community examples for building Docker images, publishing packages, and deploying to cloud providers have saved me so much time. You rarely need to start a workflow from scratch.",5,Backend Developer
rdt-005,reddit,Postman,"Collections make onboarding easier","For new hires, having Postman collections with example requests and tests makes exploring our APIs much less intimidating. The visual runner is friendly even for non-engineers.",4,API Developer
rdt-006,reddit,Postman,"Desktop app feels heavy","The desktop app feels slow to start and occasionally freezes with large collections. The web app is improving but still feels less responsive than I’d like.",3,Senior Developer
rdt-007,reddit,Postman,"Great for manual testing, not our primary automation","We use Postman heavily for manual and exploratory testing, but for CI we still prefer code-based tests. Sync between teams is sometimes awkward unless everyone uses the same workspace.",4,QE Lead
misc-001,website,Linear,"Cleanest issue tracker we’ve used","Linear has a fantastic UX and the keyboard shortcuts make working with it feel fast. Engineers actually enjoy updating tickets, which is not something I could say about our previous tools.",5,Product Engineer
misc-002,website,Linear,"Opinionated workflows that may not fit everyone","If your process doesn’t map nicely onto Linear’s squads and cycles, you’ll be fighting the tool. It shines when you adapt to its model, less so when you try to bend it.",3,Engineering Manager
misc-003,website,Linear,"Great GitHub integration","Branches and PRs link nicely to issues, which makes it easy to trace work from idea to deploy. The Slack notifications are helpful without being too noisy.",5,Tech Lead
g2-014,g2,Terraform Cloud,"State management is painless","Remote state storage and locking saved us from footguns we had with S3/Dynamo. The UI for runs is clear and policy checks are helpful.",5,Infra Engineer
g2-015,g2,Terraform Cloud,"Runs queue can bottleneck teams","When multiple teams share the same org, the run queue can slow everyone down. We had to split workspaces and tune concurrency.",3,Platform Engineer
g2-016,g2,Terraform Cloud,"Costs grow with team size","Per-seat pricing plus run minutes added up quickly once more squads adopted it. Still worth it, but we had to justify it to finance.",4,Engineering Manager
g2-017,g2,GitLab CI,"Great built-in CI, but runners need care","GitLab CI is well integrated, and YAML includes/extends help reuse. Self-hosted runners require maintenance and good autoscaling to stay stable.",4,DevOps Lead
g2-018,g2,GitLab CI,"Monorepo support is okay, not perfect","We had to do custom path filters to avoid rebuilding everything. It works, but the syntax is less intuitive than we hoped.",3,Staff Engineer
g2-019,g2,GitLab CI,"Security scanning is a plus","The built-in SAST/DAST templates are handy and lowered the barrier to adding security checks to every pipeline.",5,Security Engineer
g2-020,g2,Vercel,"Fastest DX for frontend deploys","Preview deployments on every PR changed how we review UI changes. Zero-config for Next.js is amazing.",5,Frontend Lead
g2-021,g2,Vercel,"Build minutes can spike unexpectedly","When many PRs open at once, build usage spikes and we hit limits. Caching helps but isn’t perfect for big monorepos.",4,Full Stack Engineer
g2-022,g2,Netlify,"Great for marketing sites, less so for heavy apps","Netlify is perfect for static/JAMStack sites. For heavier SSR apps we hit limitations and switched to Vercel.",4,Web Developer
g2-023,g2,PagerDuty,"Reliable paging, pricey as you grow","Paging is rock solid and the mobile app is good. Pricing scales sharply once you add advanced features and more responders.",4,SRE Manager
g2-024,g2,PagerDuty,"On-call fatigue if you don’t tune alerts","Out of the box, we had too many pages. After cleaning signal/noise, it’s fine, but the initial setup was stressful.",3,On-call Engineer
g2-025,g2,New Relic,"Good APM, UI is cluttered","Instrumentation is easy, but the UI has many overlapping views. Dashboards feel slower than Datadog for large environments.",3,Observability Engineer
g2-026,g2,New Relic,"Great for tracing legacy services","We instrumented older Java services quickly and got useful traces without rewriting code.",4,Backend Engineer
g2-027,g2,Splunk Observability,"Powerful search, steep learning curve","Logs/metrics/traces in one place is great, but the learning curve for search and dashboards is high for new team members.",4,Data Engineer
g2-028,g2,Honeycomb,"Superb for high-cardinality debugging","BubbleUp and trace views made it easy to slice by odd dimensions and find rare issues. Pricier than some, but worth it for deep dives.",5,Principal Engineer
g2-029,g2,Argo CD,"GitOps that actually works","Sync status and health checks make drift obvious. Rollbacks are quick and predictable.",5,Platform Engineer
g2-030,g2,Argo CD,"RBAC/config UX could be simpler","Powerful but the RBAC and project/app concepts confused new users. Docs are good but there’s a learning hump.",3,DevOps Engineer
g2-031,g2,Cloudflare Workers,"Great for edge functions","Cold starts are minimal and KV/Durable Objects made certain patterns easy. Debugging locally is okay, but logs in the dashboard can lag.",5,Edge Developer
g2-032,g2,Firebase Hosting,"Perfect for quick prototypes","Deploys are instant, CDN is solid, and pairing with Firestore makes bootstrapping apps fast.",5,Mobile Developer
g2-033,g2,Firebase Hosting,"Not ideal for heavy SSR","Great for static and client-heavy apps, but once you need complex SSR you hit walls and move to other hosts.",3,Full Stack Engineer
g2-034,g2,Cypress,"Great DX for UI tests","APIs are friendly, time-travel debugging is excellent, and new hires pick it up quickly.",5,QE Engineer
g2-035,g2,Cypress,"Can be flaky on complex apps","For very dynamic SPAs, we still see occasional flakiness and spend time adding waits/assertions carefully.",3,QA Lead
g2-036,g2,Playwright,"Fast, less flaky than others","Parallel execution is fast and the tooling feels modern. We migrated some suites from Selenium/Cypress and saw fewer flakes.",5,Automation Engineer


